id;name;tenant_id
1;"TALHAO 2";"5fa296daf187cd6dfe3bd6c0"
2;"TALHAO 1";"5e932b6676b8ba3a62d05a5b"
3;"TALHAO 2";"5e932b6676b8ba3a62d05a5b"
4;"TALHAO 3";"5e932b6676b8ba3a62d05a5b"
5;"TALHAO P1";"5e932b6676b8ba3a62d05a5b"
6;"T1";"6048139a2060b7465875b0ff"
7;"T2";"6048139a2060b7465875b0ff"
8;"T3";"6048139a2060b7465875b0ff"
9;"T4";"604813d32060b7465875b105"
10;"T7";"604813d32060b7465875b105"
11;"T8";"604813d32060b7465875b105"
12;"T6";"604813d32060b7465875b105"
13;"T5";"604813d32060b7465875b105"
14;"T9";"604816d42060b7465875b10b"
15;"TY.2";"604816d42060b7465875b10b"
16;"TW.2";"604816d42060b7465875b10b"
17;"T10";"604816d42060b7465875b10b"
18;"TX";"604816d42060b7465875b10b"
19;"T.S2";"5e932b6676b8ba3a62d05a5b"
20;"TALHAO A1";"6128e93edd787b27f8a7abd3"
21;"TL2";"6128e93edd787b27f8a7abd3"
22;"TALH√ÉO 12";"6128e93edd787b27f8a7abd3"
23;"A1";"61488968a61283de7b107b05"
24;"TALHAO VINHEDO";"61488968a61283de7b107b05"
